2023;2024;2025;2026
21/08/2023;30/01/2024;21/01/2025;19/01/2026
21/08/2023;30/01/2024;21/01/2025;19/01/2026
21/08/2023;30/01/2024;21/01/2025;24/02/2026
21/08/2023;30/01/2024;21/01/2025;22/01/2026
21/08/2023;30/01/2024;30/01/2025;22/01/2026
21/08/2023;30/01/2024;10/02/2025;22/01/2026
21/08/2023;30/01/2024;24/02/2025;22/01/2026
21/08/2023;30/01/2024;24/02/2025;29/01/2026
21/08/2023;30/01/2024;24/02/2025;3/02/2026
21/08/2023;30/01/2024;24/02/2025;11/02/2026
21/08/2023;30/01/2024;19/03/2025;11/02/2026
21/08/2023;30/01/2024;19/03/2025;16/02/2026
21/08/2023;30/01/2024;19/03/2025;16/02/2026
21/08/2023;30/01/2024;19/03/2025;17/02/2026
21/08/2023;30/01/2024;19/03/2025;17/02/2026
21/08/2023;30/01/2024;19/03/2025;17/02/2026
21/08/2023;30/01/2024;19/03/2025;20/02/2026
21/08/2023;30/01/2024;19/03/2025;23/02/2026
21/08/2023;30/01/2024;19/03/2025;23/02/2026
21/08/2023;30/01/2024;19/03/2025;23/02/2026
21/08/2023;30/01/2024;19/03/2025;23/02/2026
21/08/2023;30/01/2024;19/03/2025;23/02/2026
21/08/2023;30/01/2024;19/03/2025;24/02/2026
21/08/2023;30/01/2024;19/03/2025;24/02/2026
21/08/2023;30/01/2024;19/03/2025;24/02/2026
21/08/2023;30/01/2024;07/04/2025;24/02/2026
21/08/2023;30/01/2024;07/04/2025;24/02/2026
28/08/2023;30/01/2024;07/04/2025;5/03/2026
28/08/2023;30/01/2024;07/04/2025;26/02/2026
28/08/2023;30/01/2024;22/04/2025;2/03/2026
29/08/2023;30/01/2024;21/04/2025;5/03/2026
29/08/2023;30/01/2024;29/04/2025;5/03/2026
29/08/2023;30/01/2024;12/05/2025;5/03/2026
29/08/2023;30/01/2024;12/05/2025;5/03/2026
29/08/2023;30/01/2024;12/05/2025;5/03/2026
29/08/2023;30/01/2024;12/05/2025;5/03/2026
29/08/2023;08/02/2024;12/05/2025;6/03/2026
29/08/2023;08/02/2024;12/05/2025;
29/08/2023;08/02/2024;12/05/2025;
29/08/2023;08/02/2024;12/05/2025;
29/08/2023;08/02/2024;12/05/2025;
29/08/2023;08/02/2024;12/05/2025;
29/08/2023;08/02/2024;12/05/2025;
29/08/2023;08/02/2024;12/05/2025;
29/08/2023;08/02/2024;15/05/2025;
29/08/2023;08/02/2024;15/05/2025;
29/08/2023;08/02/2024;21/03/2025;
29/08/2023;08/02/2024;23/05/2025;
29/08/2023;08/02/2024;29/05/2025;
29/08/2023;08/02/2024;29/05/2025;
29/08/2023;08/02/2024;29/05/2025;
29/08/2023;08/02/2024;29/05/2025;
29/08/2023;08/02/2024;29/05/2025;
29/08/2023;08/02/2024;29/05/2025;
29/08/2023;14/03/2024;09/06/2025;
29/08/2023;08/02/2024;09/06/2025;
29/08/2023;08/02/2024;25/06/2025;
29/08/2023;12/02/2024;25/06/2025;
29/08/2023;12/02/2024;26/06/2025;
29/08/2023;08/02/2024;24/07/2025;
29/08/2023;08/02/2024;24/07/2025;
29/08/2023;30/01/2024;24/07/2025;
29/08/2023;08/02/2024;04/08/2025;
29/08/2023;27/02/2024;04/08/2025;
29/08/2023;27/02/2024;08/08/2025;
29/08/2023;14/03/2024;11/08/2025;
29/08/2023;14/03/2024;11/08/2025;
29/08/2023;14/03/2024;11/08/2025;
29/08/2023;14/03/2024;11/08/2025;
29/08/2023;14/03/2024;11/08/2025;
29/08/2023;14/03/2024;11/08/2025;
29/08/2023;14/03/2024;11/08/2025;
29/08/2023;14/03/2024;11/08/2025;
29/08/2023;14/03/2024;11/08/2025;
29/08/2023;14/03/2024;11/08/2025;
29/08/2023;14/03/2024;11/08/2025;
29/08/2023;14/03/2024;12/08/2025;
29/08/2023;14/03/2024;14/08/2025;
29/08/2023;14/03/2024;14/08/2025;
29/08/2023;14/03/2024;14/08/2025;
29/08/2023;14/03/2024;14/08/2025;
29/08/2023;14/03/2024;14/08/2025;
29/08/2023;14/03/2024;18/08/2025;
29/08/2023;14/03/2024;18/08/2025;
29/08/2023;14/03/2024;20/08/2025;
29/08/2023;14/03/2024;21/08/2025;
29/08/2023;14/03/2024;27/08/2025;
29/08/2023;14/03/2024;27/08/2025;
29/08/2023;14/03/2024;27/08/2025;
29/08/2023;14/03/2024;29/08/2025;
29/08/2023;14/03/2024;29/08/2025;
29/08/2023;15/03/2024;29/08/2025;
29/08/2023;15/03/2024;29/08/2025;
29/08/2023;15/03/2024;11/09/2025;
29/08/2023;15/03/2024;11/09/2025;
29/08/2023;15/03/2024;18/09/2025;
29/08/2023;15/03/2024;18/09/2025;
29/08/2023;04/06/2024;22/09/2025;
29/08/2023;04/06/2024;24/09/2025;
29/08/2023;04/06/2024;24/09/2025;
29/08/2023;04/06/2024;2/10/2025;
29/08/2023;04/06/2024;9/10/2025;
29/08/2023;04/06/2024;3/10/2025;
31/08/2023;04/06/2024;15/10/2025;
31/08/2023;04/06/2024;15/10/2025;
31/08/2023;04/06/2024;15/10/2025;
29/08/2023;04/06/2024;15/10/2025;
29/08/2023;04/06/2024;15/10/2025;
29/08/2023;04/06/2024;16/10/2025;
29/08/2023;04/06/2024;24/11/2025;
29/08/2023;20/06/2024;22/12/2025;
29/08/2023;03/07/2024;;
29/08/2023;03/07/2024;;
29/08/2023;03/07/2024;;
29/08/2023;03/07/2024;;
29/08/2023;03/07/2024;;
29/08/2023;03/07/2024;;
29/08/2023;03/07/2024;;
31/08/2023;04/07/2024;;
31/08/2023;15/08/2024;;
31/08/2023;15/08/2024;;
31/08/2023;15/08/2024;;
29/08/2023;15/08/2024;;
29/08/2023;15/08/2024;;
29/08/2023;15/08/2024;;
29/08/2023;15/08/2024;;
29/08/2023;15/08/2024;;
29/08/2023;15/08/2024;;
07/09/2023;15/08/2024;;
07/09/2023;15/08/2024;;
07/09/2023;15/08/2024;;
11/09/2023;15/08/2024;;
11/09/2023;15/08/2024;;
11/09/2023;15/08/2024;;
11/09/2023;15/08/2024;;
11/09/2023;26/08/2024;;
11/09/2023;26/08/2024;;
11/09/2023;26/08/2024;;
11/09/2023;26/08/2024;;
11/09/2023;26/08/2024;;
31/10/2023;26/08/2024;;
31/10/2023;26/08/2024;;
11/09/2023;26/08/2024;;
11/09/2023;26/08/2024;;
11/09/2023;28/08/2024;;
11/09/2023;12/09/2024;;
31/10/2023;12/09/2024;;
11/09/2023;12/09/2024;;
11/09/2023;12/09/2024;;
11/09/2023;12/09/2024;;
11/09/2023;12/09/2024;;
11/09/2023;12/09/2024;;
11/09/2023;12/09/2024;;
31/10/2023;12/09/2024;;
11/09/2023;12/09/2024;;
31/10/2023;25/09/2024;;
11/09/2023;25/09/2024;;
11/09/2023;25/09/2024;;
31/10/2023;25/09/2024;;
11/09/2023;25/09/2024;;
11/09/2023;25/09/2024;;
11/09/2023;25/09/2024;;
11/09/2023;14/10/2024;;
11/09/2023;14/10/2024;;
11/09/2023;14/10/2024;;
31/10/2023;14/10/2024;;
31/10/2023;30/10/2024;;
11/09/2023;30/10/2024;;
31/10/2023;30/10/2024;;
11/09/2023;30/10/2024;;
11/09/2023;30/10/2024;;
11/09/2023;30/10/2024;;
11/09/2023;12/11/2024;;
11/09/2023;12/11/2024;;
11/09/2023;12/11/2024;;
11/09/2023;12/11/2024;;
19/09/2023;12/11/2024;;
31/10/2023;25/11/2024;;
25/09/2023;25/11/2024;;
25/09/2023;25/11/2024;;
25/09/2023;02/12/2024;;
25/09/2023;02/12/2024;;
25/09/2023;03/12/2024;;
25/09/2023;;;
25/09/2023;;;
25/09/2023;;;
25/09/2023;;;
25/09/2023;;;
31/10/2023;;;
25/09/2023;;;
25/09/2023;;;
25/09/2023;;;
30/10/2023;;;
25/09/2023;;;
25/09/2023;;;
25/09/2023;;;
25/09/2023;;;
25/09/2023;;;
25/09/2023;;;
25/09/2023;;;
25/09/2023;;;
06/10/2023;;;
06/10/2023;;;
06/10/2023;;;
06/10/2023;;;
06/10/2023;;;
06/10/2023;;;
06/10/2023;;;
06/10/2023;;;
06/10/2023;;;
31/10/2023;;;
06/10/2023;;;
31/10/2023;;;
10/10/2023;;;
10/10/2023;;;
10/10/2023;;;
10/10/2023;;;
10/10/2023;;;
10/10/2023;;;
10/10/2023;;;
11/10/2023;;;
31/10/2023;;;
12/10/2023;;;
31/10/2023;;;
12/10/2023;;;
16/10/2023;;;
31/10/2023;;;
31/10/2023;;;
31/10/2023;;;
31/10/2023;;;
31/10/2023;;;
31/10/2023;;;
31/10/2023;;;
31/10/2023;;;
31/10/2023;;;
31/10/2023;;;
31/10/2023;;;
31/10/2023;;;
31/10/2023;;;
31/10/2023;;;
31/10/2023;;;
31/10/2023;;;
31/10/2023;;;
31/10/2023;;;
31/10/2023;;;
31/10/2023;;;
31/10/2023;;;
31/10/2023;;;
31/10/2023;;;
31/10/2023;;;
31/10/2023;;;
31/10/2023;;;
31/10/2023;;;
31/10/2023;;;
31/10/2023;;;
31/10/2023;;;
31/10/2023;;;
31/10/2023;;;
31/10/2023;;;
31/10/2023;;;
31/10/2023;;;
31/10/2023;;;
31/10/2023;;;
31/10/2023;;;
31/10/2023;;;
31/10/2023;;;
31/10/2023;;;
31/10/2023;;;
31/10/2023;;;
31/10/2023;;;
31/10/2023;;;
31/10/2023;;;
31/10/2023;;;
31/10/2023;;;
31/10/2023;;;
31/10/2023;;;
31/10/2023;;;
31/10/2023;;;
31/10/2023;;;
31/10/2023;;;
31/10/2023;;;
3/11/2023;;;
3/11/2023;;;
3/11/2023;;;
3/11/2023;;;
3/11/2023;;;
3/11/2023;;;
3/11/2023;;;
3/11/2023;;;
3/11/2023;;;
3/11/2023;;;
3/11/2023;;;
3/11/2023;;;
3/11/2023;;;
3/11/2023;;;
3/11/2023;;;
3/11/2023;;;
3/11/2023;;;
3/11/2023;;;
3/11/2023;;;
3/11/2023;;;
3/11/2023;;;
3/11/2023;;;
3/11/2023;;;
3/11/2023;;;
3/11/2023;;;
3/11/2023;;;
3/11/2023;;;
3/11/2023;;;
3/11/2023;;;
31/10/2023;;;
31/10/2023;;;
31/10/2023;;;
31/10/2023;;;
31/10/2023;;;
31/10/2023;;;
31/10/2023;;;
2/11/2023;;;
31/10/2023;;;
31/10/2023;;;
31/10/2023;;;
30/12/2023;;;
30/12/2023;;;
30/12/2023;;;
30/12/2023;;;
30/12/2023;;;
30/12/2023;;;
30/12/2023;;;
30/12/2023;;;
30/12/2023;;;
30/12/2023;;;
30/12/2023;;;
30/12/2023;;;
30/12/2023;;;
30/12/2023;;;
30/12/2023;;;
30/12/2023;;;
30/12/2023;;;
30/12/2023;;;
30/12/2023;;;
30/12/2023;;;
30/12/2023;;;
30/12/2023;;;
30/12/2023;;;
30/12/2023;;;
30/12/2023;;;
30/12/2023;;;
30/12/2023;;;
30/12/2023;;;
30/12/2023;;;
30/12/2023;;;
30/12/2023;;;
30/12/2023;;;
30/12/2023;;;
30/12/2023;;;
30/12/2023;;;
30/12/2023;;;
30/12/2023;;;
30/12/2023;;;
30/12/2023;;;
30/12/2023;;;
30/12/2023;;;
30/12/2023;;;
30/12/2023;;;
30/12/2023;;;
31/12/2023;;;
30/12/2023;;;
30/12/2023;;;
30/12/2023;;;
30/12/2023;;;
30/12/2023;;;
30/12/2023;;;
30/12/2023;;;
30/12/2023;;;
30/12/2023;;;
30/12/2023;;;
30/12/2023;;;
30/12/2023;;;
30/12/2023;;;
30/12/2023;;;
30/12/2023;;;
30/12/2023;;;
30/12/2023;;;
30/12/2023;;;
30/12/2023;;;
31/12/2024;;;
30/12/2023;;;
31/12/2023;;;
30/12/2023;;;
30/12/2023;;;
31/12/2023;;;
31/12/2023;;;
31/12/2023;;;
31/12/2023;;;
31/12/2023;;;
31/12/2023;;;
31/12/2023;;;
31/12/2023;;;
